{"cameraMode":{"drawMode":0,"name":"Shaded","section":"Shading Mode"},"sceneLighting":false,"audioPlay":false,"sceneViewState":{"m_AlwaysRefresh":false,"showFog":true,"showSkybox":false,"showFlares":true,"showImageEffects":true,"showParticleSystems":true,"showVisualEffectGraphs":true,"m_FxEnabled":true},"in2DMode":false,"pivot":{"x":0.0003644675016403198,"y":0.0019282698631286622,"z":-5.122274160385132e-9},"rotation":{"x":0.0011893919436261058,"y":-0.03989231586456299,"z":-0.000046512541302945465,"w":-0.9992003440856934},"size":0.22971630096435548,"orthographic":false}